{"cameraMode":{"drawMode":0,"name":"Shaded","section":"Shading Mode"},"sceneLighting":true,"audioPlay":false,"sceneViewState":{"m_AlwaysRefresh":false,"showFog":true,"showSkybox":true,"showFlares":true,"showImageEffects":true,"showParticleSystems":true,"showVisualEffectGraphs":true,"m_FxEnabled":true},"in2DMode":false,"pivot":{"x":-28.541473388671876,"y":9.638358116149903,"z":-29.052879333496095},"rotation":{"x":0.17461861670017243,"y":0.3769296407699585,"z":-0.07252512127161026,"w":0.9068198204040527},"size":2.4227490425109865,"orthographic":false}