{"cameraMode":{"drawMode":0,"name":"Shaded","section":"Shading Mode"},"sceneLighting":false,"audioPlay":false,"sceneViewState":{"m_AlwaysRefresh":false,"showFog":true,"showSkybox":false,"showFlares":true,"showImageEffects":true,"showParticleSystems":true,"showVisualEffectGraphs":true,"m_FxEnabled":true},"in2DMode":false,"pivot":{"x":1.7929999828338624,"y":1.6490000486373902,"z":-3.2809998989105226},"rotation":{"x":0.14758747816085816,"y":-0.7194108366966248,"z":0.16105367243289948,"w":0.659433901309967},"size":0.22567914426326753,"orthographic":false}